<?xml version="1.0" encoding="UTF-8"?><ootb-template>
    <template-metadata name="NX-OS Add DNS and Logstash">
        <template-details>
            <description/>
            <author>matt.austin.adm</author>
            <tag-list/>
        </template-details>
        <parameter-metadata>
            <param-group cliName="cli command set" isMandatory="true" name="NX-OS Add DNS and Logstash parameters">
                <description>Parameters for NX-OS Add DNS and Logstash</description>
                <parameter name="gv.siteSpecificDomain">
                    <description>Site Specific Domain</description>
                    <default-value label="Site Specific Domain">ech.dcgs.mil</default-value>
                    <data-type>String</data-type>
                    <mandatory>true</mandatory>
                    <isGlobal>false</isGlobal>
                    <syntax>
                        <min>10</min>
                        <max>100</max>
                    </syntax>
                    <isGlobalVariable>true</isGlobalVariable>
                </parameter>
                <parameter name="gv.dns_1">
                    <description>DNS-1</description>
                    <default-value label="First DNS Server">10.1.1.100</default-value>
                    <data-type>IPv4 Address</data-type>
                    <mandatory>true</mandatory>
                    <isGlobal>false</isGlobal>
                    <syntax>
                        <min>10</min>
                        <max>100</max>
                    </syntax>
                    <isGlobalVariable>true</isGlobalVariable>
                </parameter>
                <parameter name="gv.dns_2">
                    <description>DNS-2</description>
                    <default-value label="Second DNS Server">10.1.1.101</default-value>
                    <data-type>IPv4 Address</data-type>
                    <mandatory>true</mandatory>
                    <isGlobal>false</isGlobal>
                    <syntax>
                        <min>10</min>
                        <max>100</max>
                    </syntax>
                    <isGlobalVariable>true</isGlobalVariable>
                </parameter>
            </param-group>
        </parameter-metadata>
    </template-metadata>
    <config>
        <device-filtering-details>
            <family value="Switches and Hubs/Data Center Switches/Cisco Nexus 5672UP Switch,Switches and Hubs/Data Center Switches/Cisco Nexus 7700 6-Slot Switch">
                <min-supported-imageversion value=""/>
            </family>
        </device-filtering-details>
        <cli name="cli command set">
            <clicommand>ip domain-lookup
ip domain-name $gv.siteSpecificDomain
ip name-server $gv.dns_1 $gv.dns_2
logging server logstash 6 port 514</clicommand>
        </cli>
    </config>
</ootb-template>